{"cameraMode":{"drawMode":0,"name":"Shaded","section":"Shading Mode"},"sceneLighting":true,"audioPlay":false,"sceneViewState":{"showFog":true,"showMaterialUpdate":false,"showSkybox":true,"showFlares":true,"showImageEffects":true,"showParticleSystems":true},"in2DMode":false,"pivot":{"x":2.365992307662964,"y":-0.9580422639846802,"z":0.569044828414917},"rotation":{"x":0.026683051139116288,"y":0.017091834917664529,"z":0.00045627052895724773,"w":-0.9994977712631226},"size":2.9334521293640138,"orthographic":false}